z,MMA2,-1/2z
5,-0.100000,-0.100000
6,-0.084190,-0.083333
7,-0.072473,-0.071429
8,-0.063527,-0.062500
9,-0.056501,-0.055556
10,-0.050849,-0.050000
